Correct,Word,,,
211,211s,,,
223,223s,,,
380,380s,,,
808,808s,,,
911,9_11,,,
{_scratch,{_scratched,,,
223,223s,,,
abort,aborted,,,
acclaim,acclaimed,,,
accomplice,accomplices,,,
account,accounts,,,
ache,aches,,,
ache,aches,,,
achin,aching,,,
achin,aching,,,
acrobatic,acrobatics,,,
acrobatic,acrobatics,,,
actin,acting,,,
actin,acting,,,
ad_lib,ad_libs,,,
ad_lib,ad_libs,,,
addiction,addictions,,,
addiction,addictions,,,
addin,adding,,,
addin,adding,,,
adjective,adjectives,,,
advance,advances,,,
adventure,adventures,,,
affectin,affecting,,,
affectin,affecting,,,
aim,aims,,,
aimin,aiming,,,
aimin,aiming,,,
air_force,air_forces,,,
airin,airing,,,
airin,airing,,,
ak47,ak_47,,,
alarm,alarms,,,
alarm,alarms,,,
album,albums,,,
album,albums,,,
align,aligned,,,
allah,allahs,,,
alley,alleys,,,
alley,alleys,,,
allow,allows,,,
alpine,alpines,,,
amazin,amazing,,,
amazin,amazing,,,
ambulance,ambulances,,,
america,americas,,,
american,americans,,,
amount,amounts,,,
andy,andys,,,
angel,angels,,,
angel,angels,,,
angle,angles,,,
ankle,ankles,,,
ankle,ankles,,,
answer,answers,,,
answer,answered,,,
answerin,answering,,,
answerin,answering,,,
answer,answers,,,
anythin,anything,,,
anythin,anything,,,
aom,aomg,,,
aom,aomg,,,
apartment,apartments,,,
appeal,appeals,,,
appealin,appealing,,,
appear,appears,,,
appear,appears,,,
appetite,appetites,,,
applyin,applying,,,
area,areas,,,
area,areas,,,
arguin,arguing,,,
arm,arms,,,
armpit,armpits,,,
armpit,armpits,,,
arm,arms,,,
arrest,arrested,,,
arrive,arrives,,,
arrow,arrows,,,
arrow,arrows,,,
art,arts,,,
article,articles,,,
artist,artists,,,
artist,artists,,,
ashtray,ash_tray,,,
ashin,ashing,,,
ashtray,ash_tray,,,
ask,asks,,,
askin,asking,,,
askin,asking,,,
ask,asks,,,
assistant,assistants,,,
associate,associates,,,
associate,associates,,,
assumin,assuming,,,
atom,atoms,,,
atom,atoms,,,
attach,attached,,,
attack,attacks,,,
attackin,attacking,,,
attempt,attempts,,,
attitude,attitudes,,,
attorney,attorneys,,,
attract,attracts,,,
attract,attracted,,,
audemar,audemars,,,
audemar,audemars,,,
aunt,aunts,,,
auntie,aunties,,,
auntie,aunties,,,
aunt,aunts,,,
autotune,auto_tune,,,
award,awards,,,
award,awards,,,
axe,axes,,,
aztec,aztecs,,,
bachelor,bachelors,,,
bachelor,bachelors,,,
backflip,backflips,,,
backin,backing,,,
backin,backing,,,
backwood,backwoods,,,
backwood,backwoods,,,
bad_habit,bad_habits,,,
bag,bags,,,
baggin,bagging,,,
baggin,bagging,,,
bag,bags,,,
bail,bails,,,
bakin,baking,,,
bakin,baking,,,
balenciaga,balenciagas,,,
balenciaga,balenciagas,,,
ballin,balling,,,
ballin,balling,,,
bally,ballys,,,
banana_clip,banana_clips,,,
banana_clip,banana_clips,,,
band,bands,,,
bandana,bandanas,,,
bandanna,bandannas,,,
bandanna,bandannas,,,
band,bands,,,
bangin,banging,,,
bangin,banging,,,
bank,banks,,,
bank_account,bank_accounts,,,
bank_account,bank_accounts,,,
bankroll,bank_roll,,,
bankrolls,bank_rolls,,,
bankroll,bank_roll,,,
bankrolls,bank_rolls,,,
barbershop,barber_shop,,,
barkin,barking,,,
barkin,barking,,,
barrel,barrels,,,
barrier,barriers,,,
barrier,barriers,,,
basedgod,based_god,,,
basedgod,based_god,,,
bashin,bashing,,,
bastard,bastards,,,
bat,bats,,,
battle,battles,,,
battlin,battling,,,
battlin,battling,,,
beam,beams,,,
bean,beans,,,
bean,beans,,,
bear,bears,,,
beat,beats,,,
beatin,beating,,,
beatin,beating,,,
beat,beats,,,
beauty,beautys,,,
become,becomes,,,
become,becomes,,,
becomin,becoming,,,
becomin,becoming,,,
bedstuy,bed_stuy,,,
bedstuy,bed_stuy,,,
beefin,beefing,,,
beefin,beefing,,,
beep,beeps,,,
beeper,beepers,,,
beer,beers,,,
beer,beers,,,
beggin,begging,,,
beggin,begging,,,
begin,begins,,,
beginnin,beginning,,,
beginnin,beginning,,,
begin,begins,,,
bein,being,,,
bein,being,,,
believin,believing,,,
believin,believing,,,
bell,bells,,,
bell,bells,,,
belong,belongs,,,
belt,belts,,,
bend,bends,,,
bentley,bentleys,,,
bentley,bentleys,,,
beretta,berettas,,,
bezel,bezels,,,
bezel,bezels,,,
bible,bibles,,,
bid,bids,,,
biddin,bidding,,,
bid,bids,,,
bike,bikes,,,
bike,bikes,,,
bikini,bikinis,,,
bikini,bikinis,,,
bill,bills,,,
billboard,billboards,,,
billion,billions,,,
bill,bills,,,
bipolar,bi_polar,,,
bird,birds,,,
bird,birds,,,
birth,birthed,,,
bit,bits,,,
bitchin,bitching,,,
bitchin,bitching,,,
bitin,biting,,,
bitin,biting,,,
black,blacks,,,
black_male,black_males,,,
blastin,blasting,,,
blastin,blasting,,,
blazin,blazing,,,
blazin,blazing,,,
bleedin,bleeding,,,
bleedin,bleeding,,,
blend,blends,,,
bless,blessed,,,
blessin,blessing,,,
blessin,blessing,,,
blind,blinded,,,
blindin,blinding,,,
blindin,blinding,,,
blingin,blinging,,,
block,blocks,,,
blockin,blocking,,,
blockin,blocking,,,
block,blocks,,,
blog,blogs,,,
blog,blogs,,,
blood,bloods,,,
bloodbath,blood_bath,,,
bloodclot,blood_clot,,,
bloodbath,blood_bath,,,
bloodstain,bloodstains,,,
blow,blows,,,
blowin,blowing,,,
blowin,blowing,,,
blueprint,blueprints,,,
bluffin,bluffing,,,
bluffin,bluffing,,,
blunt,blunts,,,
blunt,blunts,,,
board,boards,,,
boat,boats,,,
bodega,bodegas,,,
body,bodys,,,
body,bodys,,,
boilin,boiling,,,
boilin,boiling,,,
bolt,bolts,,,
bolt,bolts,,,
bomb,bombs,,,
bone,bones,,,
bong,bongs,,,
bong,bongs,,,
bonin,boning,,,
booin,booing,,,
book,books,,,
bookin,booking,,,
booking,bookings,,,
book,books,,,
boombox,boom_box,,,
boomin,booming,,,
boomin,booming,,,
booty,bootys,,,
booty,bootys,,,
boppin,bopping,,,
boppin,bopping,,,
border,borders,,,
border,borders,,,
borin,boring,,,
borin,boring,,,
borough,boroughs,,,
borough,boroughs,,,
bother,bothers,,,
botherin,bothering,,,
bottle,bottles,,,
bottle,bottles,,,
boulder,boulders,,,
boulder,boulders,,,
bouncin,bouncing,,,
bouncin,bouncing,,,
bound,bounds,,,
boutique,boutiques,,,
boutique,boutiques,,,
bowlegged,bow_legged,,,
bowin,bowing,,,
bowin,bowing,,,
bowlegged,bow_legged,,,
bowlin,bowling,,,
bowlin,bowling,,,
boy,boys,,,
boyfriend,boyfriends,,,
boyfriend,boyfriends,,,
boy,boys,,,
bra,bras,,,
bracelet,bracelets,,,
bracelet,bracelets,,,
bracket,brackets,,,
brackin,bracking,,,
braggin,bragging,,,
braggin,bragging,,,
brain,brains,,,
brain,brains,,,
brake,brakes,,,
brake,brakes,,,
brand,brands,,,
brand,brands,,,
break,breaks,,,
breakin,breaking,,,
breakin,breaking,,,
break,breaks,,,
breast,breasts,,,
breast,breasts,,,
breath,breaths,,,
breathin,breathing,,,
breathin,breathing,,,
breath,breaths,,,
breed,breeds,,,
breezin,breezing,,,
breezin,breezing,,,
brewin,brewing,,,
brew,brews,,,
brick,bricks,,,
bricksquad,brick_squad,,,
brick,bricks,,,
bricksquad,brick_squad,,,
brighten,brightens,,,
brighten,brightens,,,
bringin,bringing,,,
bringin,bringing,,,
broadcastin,broadcasting,,,
brother,brothers,,,
brother,brothers,,,
brush,brushed,,,
bubble,bubbles,,,
bubblegum,bubble_gum,,,
bubblegum,bubble_gum,,,
bubblin,bubbling,,,
bubblin,bubbling,,,
buck,bucks,,,
bucket,buckets,,,
buckin,bucking,,,
buckin,bucking,,,
buck,bucks,,,
budgin,budging,,,
buildin,building,,,
buildin,building,,,
building,buildings,,,
bull,bulls,,,
bullet,bullets,,,
bulletproof,bullet_proof,,,
bulletproof,bullet_proof,,,
bullshittin,bullshitting,,,
bullshittin,bullshitting,,,
bumpin,bumping,,,
bumpin,bumping,,,
bundle,bundles,,,
bundle,bundles,,,
bunkin,bunking,,,
bunkin,bunking,,,
burger,burgers,,,
burger,burgers,,,
burn,burns,,,
burnin,burning,,,
burnin,burning,,,
burst,bursts,,,
bustin,busting,,,
bustin,busting,,,
butt,butts,,,
button,buttons,,,
button,buttons,,,
butt,butts,,,
buyin,buying,,,
buyin,buying,,,
buzzin,buzzing,,,
bystander,bystanders,,,
bystander,bystanders,,,
cab,cabs,,,
cable,cables,,,
cake,cakes,,,
cal,cals,,,
calico,calicos,,,
calico,calicos,,,
call,calls,,,
calle,calles,,,
callin,calling,,,
callin,calling,,,
cal,cals,,,
camel,camels,,,
cameltoe,camel_toe,,,
camera,cameras,,,
camera,cameras,,,
candle,candles,,,
candle,candles,,,
candy_paint,candy_painted,,,
cap,caps,,,
cappin,capping,,,
cappin,capping,,,
cap,caps,,,
carat,carats,,,
carat,carats,,,
card,cards,,,
care,cares,,,
career,careers,,,
career,careers,,,
care,cares,,,
carin,caring,,,
carin,caring,,,
carrot,carrots,,,
carryin,carrying,,,
car,cars,,,
carton,cartons,,,
cartridge,cartridges,,,
cartridge,cartridges,,,
carvin,carving,,,
case,cases,,,
cashin,cashing,,,
cashin,cashing,,,
casket,caskets,,,
cassette,cassettes,,,
castle,castles,,,
catchin,catching,,,
catchin,catching,,,
cathedral,cathedrals,,,
catholic,catholics,,,
catholic,catholics,,,
causin,causing,,,
causin,causing,,,
cave,caves,,,
cayman,caymans,,,
cede,cedes,,,
cede,cedes,,,
ceelo,cee_lo,,,
ceilin,ceiling,,,
ceilin,ceiling,,,
ceiling,ceilings,,,
celebratin,celebrating,,,
celebratin,celebrating,,,
cellphone,cell_phone,,,
cellphones,cell_phones,,,
cellphone,cell_phone,,,
cellphones,cell_phones,,,
cent,cents,,,
cent,cents,,,
chain,chains,,,
chain,chains,,,
chair,chairs,,,
chamber,chambers,,,
chance,chances,,,
chandelier,chandeliers,,,
chandelier,chandeliers,,,
change,changes,,,
change,changes,,,
changin,changing,,,
changin,changing,,,
channel,channels,,,
chapter,chapters,,,
character,characters,,,
character,characters,,,
charge,charges,,,
chargin,charging,,,
chariot,chariots,,,
chart,charts,,,
charter,chartered,,,
chart,charts,,,
chasin,chasing,,,
chasin,chasing,,,
chattin,chatting,,,
cheatin,cheating,,,
cheatin,cheating,,,
check,checks,,,
checkin,checking,,,
checkin,checking,,,
check,checks,,,
cheek,cheeks,,,
cheek,cheeks,,,
cheer,cheers,,,
cheerin,cheering,,,
cheerin,cheering,,,
cheer,cheers,,,
cheesin,cheesing,,,
cheesin,cheesing,,,
cheque,cheques,,,
cheque,cheques,,,
chevy,chevys,,,
chevy,chevys,,,
chickenheads,chicken_heads,,,
chicken,chickens,,,
chiefin,chiefing,,,
chiefin,chiefing,,,
child,childs,,,
chillin,chilling,,,
chillin,chilling,,,
chime,chimes,,,
chippin,chipping,,,
chippin,chipping,,,
chirpin,chirping,,,
chirpin,chirping,,,
choice,choices,,,
choir,choirs,,,
chokin,choking,,,
chokin,choking,,,
choosin,choosing,,,
choosin,choosing,,,
chop,chops,,,
choppa,choppas,,,
chopper,choppers,,,
chopper,choppers,,,
choppin,chopping,,,
choppin,chopping,,,
chord,chords,,,
chord,chords,,,
chow,chows,,,
chuckin,chucking,,,
chuckin,chucking,,,
chuggin,chugging,,,
cig,cigs,,,
cigar,cigars,,,
cigarette,cigarettes,,,
cigarette,cigarettes,,,
cigarillo,cigarillos,,,
cigar,cigars,,,
circle,circles,,,
circle,circles,,,
citizen,citizens,,,
city,citys,,,
city,citys,,,
claimin,claiming,,,
claimin,claiming,,,
clapper,clappers,,,
clapper,clappers,,,
clappin,clapping,,,
clappin,clapping,,,
classic,classics,,,
classic,classics,,,
claw,claws,,,
claw,claws,,,
cleanin,cleaning,,,
cleanin,cleaning,,,
clearin,clearing,,,
clearin,clearing,,,
cliff,cliffs,,,
climate,climates,,,
climate,climates,,,
climb,climbed,,,
climbin,climbing,,,
climbin,climbing,,,
clip,clips,,,
clip,clips,,,
clit,clits,,,
clit,clits,,,
clock,clocks,,,
clockin,clocking,,,
clockin,clocking,,,
clock,clocks,,,
closet,closets,,,
closin,closing,,,
closin,closing,,,
clot,clots,,,
clot,clots,,,
cloud,clouds,,,
cloud,clouds,,,
clown,clowns,,,
clown,clowns,,,
club,clubs,,,
clubbin,clubbing,,,
club,clubs,,,
clutchin,clutching,,,
cosign,co_sign,,,
coal,coals,,,
coastin,coasting,,,
coastin,coasting,,,
cock,cocks,,,
cockin,cocking,,,
cockin,cocking,,,
coconut,coconuts,,,
code,codes,,,
code,codes,,,
coffin,coffins,,,
collar,collars,,,
collar,collars,,,
collectin,collecting,,,
collectin,collecting,,,
colombian,colombians,,,
colombian,colombians,,,
color,colors,,,
colorblind,color_blind,,,
color,colors,,,
colour,colours,,,
come,comes,,,
come,comes,,,
comin,coming,,,
comin,coming,,,
committin,committing,,,
committin,committing,,,
comparin,comparing,,,
comparin,comparing,,,
competitor,competitors,,,
complainin,complaining,,,
complainin,complaining,,,
compliment,compliments,,,
compliment,compliments,,,
composition,compositions,,,
concern,concerned,,,
concernin,concerning,,,
concernin,concerning,,,
concert,concerts,,,
concert,concerts,,,
condition,conditions,,,
condition,conditions,,,
cone,cones,,,
confession,confessions,,,
confession,confessions,,,
connect,connects,,,
connectin,connecting,,,
connection,connections,,,
connect,connects,,,
consequence,consequences,,,
consequence,consequences,,,
consider,considered,,,
consist,consists,,,
consist,consists,,,
construct,constructed,,,
consume,consumes,,,
consumer,consumers,,,
consume,consumes,,,
contact,contacts,,,
contemplatin,contemplating,,,
continent,continents,,,
contract,contracts,,,
contradiction,contradictions,,,
conversatin,conversating,,,
conversatin,conversating,,,
conversation,conversations,,,
conversation,conversations,,,
cookie,cookies,,,
cookin,cooking,,,
cookin,cooking,,,
coolin,cooling,,,
coolin,cooling,,,
cop,cops,,,
coppin,copping,,,
coppin,copping,,,
cord,cords,,,
cord,cords,,,
cork,corks,,,
cork,corks,,,
corner,corners,,,
corner,corners,,,
coroner,coroners,,,
coroner,coroners,,,
corpse,corpses,,,
corrupt,corrupted,,,
cosign,co_sign,,,
cost,costs,,,
costin,costing,,,
cost,costs,,,
cough,coughs,,,
coughin,coughing,,,
coughin,coughing,,,
count,counted,,,
counter,counters,,,
countin,counting,,,
countin,counting,,,
court,courts,,,
cousin,cousins,,,
cousin,cousins,,,
cover,covers,,,
crab,crabs,,,
crab,crabs,,,
crack,cracks,,,
crackin,cracking,,,
crackin,cracking,,,
crack,cracks,,,
cravin,craving,,,
crawlin,crawling,,,
crawlin,crawling,,,
creation,creations,,,
creation,creations,,,
credit_card,credit_cards,,,
creep,creeps,,,
creepin,creeping,,,
creepin,creeping,,,
crew,crews,,,
crew,crews,,,
crime,crimes,,,
crime,crimes,,,
crip,crips,,,
crip,crips,,,
critic,critics,,,
critic,critics,,,
crook,crooks,,,
crook,crooked,,,
crop,crops,,,
crop,crops,,,
cross,crossed,,,
crossroad,crossroads,,,
crowd,crowds,,,
crowd,crowds,,,
crown,crowns,,,
cruiser,cruisers,,,
cruisin,cruising,,,
cruisin,cruising,,,
crushin,crushing,,,
crushin,crushing,,,
cryin,crying,,,
cryin,crying,,,
cuban_link,cuban_links,,,
cuffin,cuffing,,,
cuffin,cuffing,,,
cummin,cumming,,,
cummin,cumming,,,
cup,cups,,,
cup,cups,,,
curb,curbs,,,
curtain,curtains,,,
curtain,curtains,,,
curvin,curving,,,
curvin,curving,,,
cussin,cussing,,,
cussin,cussing,,,
cut,cuts,,,
cutthroat,cut_throat,,,
cut,cuts,,,
cuttin,cutting,,,
cuttin,cutting,,,
cypher,cyphers,,,
cypher,cyphers,,,
dadi,da_di,,,
davinci,da_vinci,,,
dab,dabs,,,
dad,dads,,,
daddy,daddys,,,
daddy,daddys,,,
dad,dads,,,
dancefloor,dance_floor,,,
dancefloor,dance_floor,,,
dancin,dancing,,,
dancin,dancing,,,
dane,danes,,,
dane,danes,,,
danglin,dangling,,,
danglin,dangling,,,
dans_le,dans_les,,,
dap,daps,,,
dap,daps,,,
darin,daring,,,
darlin,darling,,,
dart,darts,,,
dart,darts,,,
dat,dats,,,
date,dates,,,
date,dates,,,
datin,dating,,,
datin,dating,,,
dat,dats,,,
daughter,daughters,,,
daughter,daughters,,,
dawg,dawgs,,,
dawg,dawgs,,,
day,days,,,
daydream,daydreams,,,
day,days,,,
dayton,daytons,,,
dayton,daytons,,,
deniro,de_niro,,,
deville,de_ville,,,
deal,deals,,,
deala,dealas,,,
dealin,dealing,,,
debatin,debating,,,
debatin,debating,,,
debt,debts,,,
debt,debts,,,
decade,decades,,,
decade,decades,,,
deceivin,deceiving,,,
deceivin,deceiving,,,
decidin,deciding,,,
decision,decisions,,,
decision,decisions,,,
deed,deeds,,,
deed,deeds,,,
deepthroat,deep_throat,,,
defeat,defeated,,,
delay,delays,,,
delusion,delusions,,,
delusion,delusions,,,
demand,demands,,,
demon,demons,,,
demon,demons,,,
denim,denims,,,
denim,denims,,,
deniro,de_niro,,,
denyin,denying,,,
denyin,denying,,,
depend,depends,,,
dependin,depending,,,
dependin,depending,,,
depend,depends,,,
depict,depicted,,,
deposit,deposits,,,
deposit,deposits,,,
depth,depths,,,
descendant,descendants,,,
design,designs,,,
design,designed,,,
desire,desires,,,
desire,desires,,,
destroyin,destroying,,,
detective,detectives,,,
deuce,deuces,,,
deuce,deuces,,,
device,devices,,,
device,devices,,,
devil,devils,,,
deville,de_ville,,,
deville,devilles,,,
deville,devilles,,,
devil,devils,,,
devour,devoured,,,
diamond,diamonds,,,
diamond_ring,diamond_rings,,,
diamond,diamonds,,,
diamonds_dancin,diamonds_dancing,,,
diamonds_dancin,diamonds_dancing,,,
dib,dibs,,,
dib,dibs,,,
dice_game,dice_games,,,
dick,dicks,,,
dickin,dicking,,,
dickin,dicking,,,
dick,dicks,,,
die,dies,,,
die,dies,,,
dig,digg,,,
dig,digg,,,
digger,diggers,,,
diggin,digging,,,
diggin,digging,,,
digit,digits,,,
dime,dimes,,,
dimension,dimensions,,,
dime,dimes,,,
dinner,dinners,,,
dinner,dinners,,,
diploma,diplomas,,,
dippin,dipping,,,
dippin,dipping,,,
direction,directions,,,
direction,directions,,,
disappoint,disappointed,,,
disaster,disasters,,,
disc,discs,,,
discussin,discussing,,,
discussin,discussing,,,
disease,diseases,,,
disown,disowned,,,
dissin,dissing,,,
dissin,dissing,,,
disturbin,disturbing,,,
disturbin,disturbing,,,
divin,diving,,,
dock,docks,,,
dock,docks,,,
dodgin,dodging,,,
dodgin,dodging,,,
dog,dogs,,,
dog,dogg,,,
doggin,dogging,,,
dog,dogs,,,
doin,doing,,,
doin,doing,,,
doll,dolls,,,
dolla,dollas,,,
dollar,dollars,,,
dollar_bill,dollar_bills,,,
dollar_bill,dollar_bills,,,
dollar,dollars,,,
dolla,dollas,,,
donut,donuts,,,
doobie,doobies,,,
doobie,doobies,,,
door,doors,,,
door,doors,,,
dose,doses,,,
dot,dots,,,
dot,dots,,,
double_cup,double_cups,,,
double_cup,double_cups,,,
doubt,doubts,,,
dozin,dozing,,,
dragon,dragons,,,
dream,dreams,,,
dreamin,dreaming,,,
dreamin,dreaming,,,
dream,dreams,,,
dress,dressed,,,
dressin,dressing,,,
dressin,dressing,,,
driftin,drifting,,,
driftin,drifting,,,
drink,drinks,,,
drinkin,drinking,,,
drinkin,drinking,,,
drink,drinks,,,
drippin,dripping,,,
drippin,dripping,,,
drivebys,drive_bys,,,
drivebys,drive_bys,,,
driver,drivers,,,
drivin,driving,,,
drivin,driving,,,
drone,drones,,,
droolin,drooling,,,
drop,drops,,,
droptop,drop_top,,,
droppin,dropping,,,
droppin,dropping,,,
drop,drops,,,
drown,drowned,,,
drownin,drowning,,,
drownin,drowning,,,
drug,drugs,,,
drug,drugs,,,
drum,drums,,,
drummer,drummers,,,
drummin,drumming,,,
drummin,drumming,,,
drum,drums,,,
dub,dubs,,,
dub,dubs,,,
duckin,ducking,,,
duckin,ducking,,,
dude,dudes,,,
duffle_bag,duffle_bags,,,
duffle_bag,duffle_bags,,,
dumb,dumbs,,,
dumbin,dumbing,,,
dumpin,dumping,,,
dumpin,dumping,,,
dumpster,dumpsters,,,
dunkin,dunking,,,
dunkin,dunking,,,
dvd,dvds,,,
dvd,dvds,,,
dwell,dwells,,,
dwellin,dwelling,,,
dwellin,dwelling,,,
dyin,dying,,,
dyin,dying,,,
dyke,dykes,,,
email,e_mail,,,
eachother,each_other,,,
each_other,each_others,,,
each_other,each_others,,,
eachother,each_other,,,
eagle,eagles,,,
eagle,eagles,,,
ear,ears,,,
eardrum,eardrums,,,
eardrum,eardrums,,,
earlobe,earlobes,,,
earlobe,earlobes,,,
earring,earrings,,,
earring,earrings,,,
ear,ears,,,
earth,earths,,,
earthquake,earthquakes,,,
eastside,east_side,,,
eastside,east_side,,,
eat,eats,,,
eatin,eating,,,
eatin,eating,,,
economic,economics,,,
effort,efforts,,,
egg,eggs,,,
eggbeater,egg_beater,,,
eggbeater,egg_beater,,,
egg,eggs,,,
egyptian,egyptians,,,
eighth,eighths,,,
elect,elected,,,
elevatin,elevating,,,
elevatin,elevating,,,
elevator,elevators,,,
email,emails,,,
email,e_mail,,,
email,emails,,,
emotion,emotions,,,
emotion,emotions,,,
empire,empires,,,
end,ends,,,
endin,ending,,,
endin,ending,,,
endorsement,endorsements,,,
end,ends,,,
enemy,enemys,,,
engineer,engineers,,,
enjoyin,enjoying,,,
enjoyin,enjoying,,,
error,errors,,,
error,errors,,,
erupt,erupts,,,
escapin,escaping,,,
escapin,escaping,,,
essay,essays,,,
esta,estas,,,
estate,estates,,,
estate,estates,,,
euro,euros,,,
evenin,evening,,,
evenin,evening,,,
event,events,,,
everyday,every_day,,,
everytime,every_time,,,
everybody,everybodys,,,
everybody,everybodys,,,
everyday,every_day,,,
everyday,everydays,,,
everyday,everydays,,,
everyone,everyones,,,
everythin,everything,,,
everythin,everything,,,
everytime,every_time,,,
example,examples,,,
exception,exceptions,,,
exception,exceptions,,,
excite,excites,,,
excite,excites,,,
executive,executives,,,
executive,executives,,,
exhaust,exhausts,,,
exist,exists,,,
exit,exits,,,
expect,expected,,,
expectin,expecting,,,
expectin,expecting,,,
expert,experts,,,
explode,explodes,,,
explodin,exploding,,,
explorin,exploring,,,
explosive,explosives,,,
explosive,explosives,,,
extendo,extendos,,,
extra,extras,,,
extra_clip,extra_clips,,,
extra_clip,extra_clips,,,
eye,eyes,,,
eyein,eyeing,,,
eyein,eyeing,,,
eye,eyes,,,
fabric,fabrics,,,
fabric,fabrics,,,
facin,facing,,,
facin,facing,,,
fact,facts,,,
fact,facts,,,
fade,fades,,,
faggot,faggots,,,
failin,failing,,,
fail,fails,,,
fairytale,fairy_tale,,,
fairytale,fairy_tale,,,
fake,fakes,,,
fakin,faking,,,
fakin,faking,,,
fall,falls,,,
fallin,falling,,,
fallin,falling,,,
fall,falls,,,
family,familys,,,
family,familys,,,
fang,fangs,,,
fart,farts,,,
fashion,fashions,,,
fasten,fastened,,,
fastin,fasting,,,
fate,fates,,,
father,fathers,,,
father,fathers,,,
fatigue,fatigues,,,
fatigue,fatigues,,,
favor,favors,,,
favor,favors,,,
fear,fears,,,
fearin,fearing,,,
fear,fears,,,
feather,feathers,,,
feather,feathers,,,
fee,fees,,,
feed,feeds,,,
feeder,feeders,,,
feedin,feeding,,,
feedin,feeding,,,
feel,feels,,,
feelin,feeling,,,
feelin,feeling,,,
feeling,feelings,,,
feeling,feelings,,,
feel,feels,,,
fee,fees,,,
feet,feets,,,
fence,fences,,,
fiendin,fiending,,,
fiendin,fiending,,,
fifth,fifths,,,
fight,fights,,,
fightin,fighting,,,
fightin,fighting,,,
fight,fights,,,
figurin,figuring,,,
fila,filas,,,
fila,filas,,,
fillin,filling,,,
fillin,filling,,,
finance,finances,,,
findin,finding,,,
findin,finding,,,
finessin,finessing,,,
finessin,finessing,,,
finger,fingers,,,
fingerprint,fingerprints,,,
fingerprint,fingerprints,,,
finger,fingers,,,
fingertips,finger_tips,,,
finish,finished,,,
fire,fires,,,
firearm,firearms,,,
firearm,firearms,,,
firin,firing,,,
firin,firing,,,
fishscale,fish_scale,,,
fishin,fishing,,,
fishscale,fish_scale,,,
fist,fists,,,
fist,fists,,,
fit,fits,,,
five,fives,,,
five,fives,,,
fixin,fixing,,,
fixin,fixing,,,
flag,flags,,,
flag,flags,,,
flake,flakes,,,
flake,flakes,,,
flame,flames,,,
flame,flames,,,
flare,flares,,,
flash,flashed,,,
flashin,flashing,,,
flashin,flashing,,,
flashlight,flashlights,,,
flat_screen,flat_screens,,,
flat_screen,flat_screens,,,
flavor,flavors,,,
flaw,flaws,,,
fleein,fleeing,,,
fleet,fleets,,,
flexin,flexing,,,
flexin,flexing,,,
flick,flicks,,,
flight,flights,,,
flight,flights,,,
flip,flips,,,
flippin,flipping,,,
flippin,flipping,,,
flip,flips,,,
float,floats,,,
floatin,floating,,,
floatin,floating,,,
flock,flocks,,,
flock,flocks,,,
floodin,flooding,,,
floppin,flopping,,,
floppin,flopping,,,
flossin,flossing,,,
flossin,flossing,,,
flow,flows,,,
flower,flowers,,,
flower,flowers,,,
flowin,flowing,,,
flowin,flowing,,,
flow,flows,,,
fluid,fluids,,,
flyin,flying,,,
flyin,flying,,,
foamin,foaming,,,
foamin,foaming,,,
focus,focused,,,
fold,folds,,,
foldin,folding,,,
folk,folks,,,
folk,folks,,,
followin,following,,,
followin,following,,,
foolin,fooling,,,
foolin,fooling,,,
foreign,foreigns,,,
foreign_car,foreign_cars,,,
foreign,foreigns,,,
forensic,forensics,,,
forgiato,forgiatos,,,
forgiato,forgiatos,,,
form,forms,,,
fountain,fountains,,,
fountain,fountains,,,
frame,frames,,,
fraud,frauds,,,
freak,freaks,,,
freakin,freaking,,,
freakin,freaking,,,
freak,freaks,,,
freestyle,freestyles,,,
freezin,freezing,,,
freezin,freezing,,,
friday,fridays,,,
friday,fridays,,,
friend,friends,,,
friend,friends,,,
frontin,fronting,,,
frontin,fronting,,,
frown,frowns,,,
frownin,frowning,,,
frown,frowns,,,
fuck,fucks,,,
fucka,fuckas,,,
fuck,fucks,,,
fund,funds,,,
fund,funds,,,
funyun,funyuns,,,
funyun,funyuns,,,
fussin,fussing,,,
fussin,fussing,,,
future,futures,,,
future,futures,,,
gadget,gadgets,,,
gainin,gaining,,,
gainin,gaining,,,
gallon,gallons,,,
gallon,gallons,,,
gamblin,gambling,,,
game,games,,,
game,games,,,
gang,gangs,,,
gangbang,gang_bang,,,
gangbangers,gang_bangers,,,
gang_bangin,gang_banging,,,
gangbangin,gang_bangin,,,
gangbanging,gang_banging,,,
gang_bangin,gang_banging,,,
gangbang,gang_bang,,,
gangbangers,gang_bangers,,,
gangbangin,gang_bangin,,,
gangbanging,gang_banging,,,
gangsta,gangstas,,,
garden,gardens,,,
garment,garments,,,
garment,garments,,,
gaspin,gasping,,,
gaspin,gasping,,,
gat,gats,,,
gate,gates,,,
gate,gates,,,
gator,gators,,,
gat,gats,,,
gazin,gazing,,,
gazin,gazing,,,
geekin,geeking,,,
geekin,geeking,,,
general,generals,,,
generation,generations,,,
genie,genies,,,
get,gets,,,
get,gets,,,
gettin,getting,,,
gettin,getting,,,
ghetto,ghettos,,,
ghetto,ghettos,,,
giggle,giggles,,,
gillahouse,gilla_house,,,
gimmick,gimmicks,,,
gimmick,gimmicks,,,
girbaud,girbauds,,,
girbaud,girbauds,,,
girl,girls,,,
girlfriend,girlfriends,,,
girlfriend,girlfriends,,,
girl,girls,,,
giuseppe,giuseppes,,,
giuseppe,giuseppes,,,
give,gives,,,
givenchy,givenchys,,,
give,gives,,,
givin,giving,,,
givin,giving,,,
glance,glances,,,
gleam,gleams,,,
gleamin,gleaming,,,
gleamin,gleaming,,,
gleam,gleams,,,
glidin,gliding,,,
glistenin,glistening,,,
glistenin,glistening,,,
glitter,glitters,,,
glitter,glitters,,,
glock,glocks,,,
glock,glocks,,,
gloin,gloing,,,
glove,gloves,,,
glove,gloves,,,
glow,glows,,,
glowin,glowing,,,
glowin,glowing,,,
goal,goals,,,
goal,goals,,,
god,gods,,,
goddamn,god_damn,,,
goddamn,god_damn,,,
goin,going,,,
goin,going,,,
gold_chain,gold_chains,,,
gold_chain,gold_chains,,,
goodbye,goodbyes,,,
gorilla,gorillas,,,
gossipin,gossiping,,,
gossipin,gossiping,,,
government,governments,,,
grabbin,grabbing,,,
grabbin,grabbing,,,
grader,graders,,,
grade,grades,,,
grain,grains,,,
gram,grams,,,
gram,grams,,,
grand,grands,,,
grand,grands,,,
grape,grapes,,,
graphic,graphics,,,
grave,graves,,,
graveyard,graveyards,,,
green,greens,,,
greeting,greetings,,,
grenade,grenades,,,
grenade,grenades,,,
grievin,grieving,,,
grill,grills,,,
grillin,grilling,,,
grill,grills,,,
grin,grins,,,
grindin,grinding,,,
grindin,grinding,,,
grinnin,grinning,,,
grip,grips,,,
grippin,gripping,,,
grippin,gripping,,,
grip,grips,,,
groovin,grooving,,,
groovin,grooving,,,
ground,grounds,,,
groupie,groupies,,,
groupie,groupies,,,
grow,grows,,,
growin,growing,,,
growin,growing,,,
growlin,growling,,,
growlin,growling,,,
grudge,grudges,,,
grudge,grudges,,,
guard,guards,,,
guard,guards,,,
guess,guessed,,,
guessin,guessing,,,
guessin,guessing,,,
gum,gums,,,
gum,gums,,,
gun,guns,,,
gunpowder,gun_powder,,,
gunnin,gunning,,,
gunnin,gunning,,,
gunpowder,gun_powder,,,
gun,guns,,,
gunshot,gunshots,,,
gushin,gushing,,,
gut,guts,,,
gut,guts,,,
guy,guys,,,
guy,guys,,,
haha,ha_ha,,,
habit,habits,,,
habit,habits,,,
hackin,hacking,,,
hackin,hacking,,,
haha,ha_ha,,,
hair,hairs,,,
hall,halls,,,
hallow,hallows,,,
hallow,hallows,,,
hallway,hallways,,,
hallway,hallways,,,
hand,hands,,,
handcuffin,handcuffing,,,
handcuffin,handcuffing,,,
handin,handing,,,
handin,handing,,,
handlin,handling,,,
handlin,handling,,,
handout,handouts,,,
hand,hands,,,
hangin,hanging,,,
hangin,hanging,,,
happen,happens,,,
happenin,happening,,,
happenin,happening,,,
happen,happens,,,
harp,harps,,,
hat,hats,,,
hater,haters,,,
hatin,hating,,,
hatin,hating,,,
hat,hats,,,
haulin,hauling,,,
havin,having,,,
havin,having,,,
headin,heading,,,
headin,heading,,,
headlight,headlights,,,
headline,headlines,,,
headline,headlines,,,
headshot,headshots,,,
healin,healing,,,
healthcare,health_care,,,
healthcare,health_care,,,
hearin,hearing,,,
hearin,hearing,,,
heart,hearts,,,
heart_beatin,heart_beating,,,
heart_beatin,heart_beating,,,
heartbreaker,heart_breaker,,,
heart,hearts,,,
heat,heats,,,
heathen,heathens,,,
heatin,heating,,,
heatin,heating,,,
heaven,heavens,,,
heaven,heavens,,,
helpin,helping,,,
helpin,helping,,,
her,hers,,,
herb,herbs,,,
herb,herbs,,,
her,hers,,,
hershey,hersheys,,,
hershey,hersheys,,,
hickey,hickeys,,,
hidin,hiding,,,
hidin,hiding,,,
hieroglyphic,hieroglyphics,,,
hieroglyphic,hieroglyphics,,,
high,highs,,,
hill,hills,,,
hill,hills,,,
hinge,hinges,,,
hint,hints,,,
hint,hints,,,
hiphop,hip_hop,,,
hittin,hitting,,,
hittin,hitting,,,
hoe,hoes,,,
hoein,hoeing,,,
hoein,hoeing,,,
hoe,hoes,,,
hoggin,hogging,,,
hoggin,hogging,,,
holdin,holding,,,
holdin,holding,,,
hole,holes,,,
hole,holes,,,
hollerin,hollering,,,
hollerin,hollering,,,
hollow,hollows,,,
hollow_point,hollow_points,,,
hollow_point,hollow_points,,,
hollow_tip,hollow_tips,,,
hollow_tip,hollow_tips,,,
homeboy,homeboys,,,
homeboy,homeboys,,,
homegirl,homegirls,,,
homegirl,homegirls,,,
homicide,homicides,,,
homie,homies,,,
homie,homies,,,
homo,homos,,,
honey,honeys,,,
honey,honeys,,,
hood,hoods,,,
hoodrats,hood_rats,,,
hoodrats,hood_rats,,,
hood,hoods,,,
hoop,hoops,,,
hoopin,hooping,,,
hopin,hoping,,,
hopin,hoping,,,
hopper,hoppers,,,
hoppin,hopping,,,
hoppin,hopping,,,
horizon,horizons,,,
horizon,horizons,,,
hotel,hotels,,,
hotel,hotels,,,
hound,hounds,,,
houndin,hounding,,,
houndin,hounding,,,
hour,hours,,,
hour,hours,,,
house,houses,,,
housin,housing,,,
housin,housing,,,
howlin,howling,,,
howlin,howling,,,
hue,hues,,,
huffin,huffing,,,
huffin,huffing,,,
hug,hugs,,,
huggin,hugging,,,
hug,hugs,,,
human,humans,,,
human,humans,,,
hundred_dollar,hundred_dollars,,,
hundred_dollar,hundred_dollars,,,
hunnid,hunnids,,,
hunnid,hunnids,,,
huntin,hunting,,,
huntin,hunting,,,
hurt,hurts,,,
hurtin,hurting,,,
hurt,hurts,,,
hustlin,hustling,,,
hustlin,hustling,,,
hyena,hyenas,,,
hymn,hymns,,,
icicle,icicles,,,
ignite,ignites,,,
illin,illing,,,
illin,illing,,,
image,images,,,
import,imported,,,
impression,impressions,,,
impression,impressions,,,
improvin,improving,,,
indigo,indigos,,,
industry,industrys,,,
industry,industrys,,,
infest,infested,,,
inflict,inflicted,,,
infrared,infra_red,,,
infrared,infra_red,,,
inhalin,inhaling,,,
inhalin,inhaling,,,
inject,injected,,,
inmate,inmates,,,
instinct,instincts,,,
instruction,instructions,,,
interview,interviews,,,
invadin,invading,,,
invadin,invading,,,
invention,inventions,,,
invention,inventions,,,
invest,invested,,,
investin,investing,,,
investin,investing,,,
invitin,inviting,,,
invitin,inviting,,,
island,islands,,,
island,islands,,,
issue,issues,,,
issue,issues,,,
itchin,itching,,,
itchin,itching,,,
izzo,izz_o,,,
jack,jacks,,,
jacket,jackets,,,
jackin,jacking,,,
jackin,jacking,,,
jacob,jacobs,,,
jaguar,jaguars,,,
jake,jakes,,,
jake,jakes,,,
jam,jams,,,
jammin,jamming,,,
jammin,jamming,,,
jam,jams,,,
jane,janes,,,
janitor,janitors,,,
jar,jars,,,
jar,jars,,,
jaw,jaws,,,
jaw,jaws,,,
jede,jedes,,,
jefferson,jeffersons,,,
jerkin,jerking,,,
jet,jets,,,
jet,jets,,,
jetson,jetsons,,,
jetson,jetsons,,,
jezebel,jezebels,,,
jezebel,jezebels,,,
jimmy_choo,jimmy_choos,,,
jimmy_choo,jimmy_choos,,,
job,jobs,,,
job,jobs,,,
jock,jocks,,,
jockin,jocking,,,
jockin,jocking,,,
joggin,jogging,,,
joint,joints,,,
jokin,joking,,,
jokin,joking,,,
jordan,jordans,,,
jottin,jotting,,,
jottin,jotting,,,
judge,judges,,,
judgin,judging,,,
jug,jugs,,,
jug,jugg,,,
jug,jugg,,,
juggin,jugging,,,
juggin,jugging,,,
juice,juices,,,
jumper,jumpers,,,
jumpin,jumping,,,
jumpin,jumping,,,
juvenile,juveniles,,,
karat,karats,,,
karat,karats,,,
kardashian,kardashians,,,
kardashian,kardashians,,,
kayslay,kay_slay,,,
kayslay,kay_slay,,,
keep,keeps,,,
keepin,keeping,,,
keepin,keeping,,,
keep,keeps,,,
key,keys,,,
key,keys,,,
khaki,khakis,,,
khaki,khakis,,,
kickin,kicking,,,
kickin,kicking,,,
kid,kids,,,
kiddin,kidding,,,
kiddin,kidding,,,
kidney,kidneys,,,
kidney,kidneys,,,
kill,kills,,,
killin,killing,,,
killin,killing,,,
kilo,kilos,,,
kilo,kilos,,,
kinfolk,kin_folk,,,
kinfolk,kinfolks,,,
king,kings,,,
kissin,kissing,,,
kissin,kissing,,,
kitchen,kitchens,,,
kitchen_cookin,kitchen_cooking,,,
kitchen_cookin,kitchen_cooking,,,
kitchen_whippin,kitchen_whipping,,,
kitchen_whippin,kitchen_whipping,,,
kite,kites,,,
kitten,kittens,,,
knee,knees,,,
knee,knees,,,
knight,knights,,,
knock,knocked,,,
knockin,knocking,,,
knockin,knocking,,,
knot,knots,,,
knot,knots,,,
knuckle,knuckles,,,
laflare,la_flare,,,
lala,la_la,,,
label,labels,,,
label,labels,,,
lackin,lacking,,,
lackin,lacking,,,
laden,ladens,,,
laflare,la_flare,,,
lake,lakes,,,
laker,lakers,,,
laker,lakers,,,
lala,la_la,,,
lamborghini,lamborghinis,,,
lame,lames,,,
lame,lames,,,
lamp,lamps,,,
lampin,lamping,,,
land,lands,,,
land,lands,,,
lane,lanes,,,
lane,lanes,,,
lan,lang,,,
language,languages,,,
language,languages,,,
late_night,late_nights,,,
late_night,late_nights,,,
latino,latinos,,,
laugh,laughs,,,
laugh,laughed,,,
laughin,laughing,,,
laughin,laughing,,,
laugh,laughs,,,
law,laws,,,
law,laws,,,
lawyer,lawyers,,,
lawyer,lawyers,,,
lay,lays,,,
layin,laying,,,
layin,laying,,,
leaf,leafs,,,
leaf,leafs,,,
league,leagues,,,
leak,leaks,,,
leakin,leaking,,,
leakin,leaking,,,
leanin,leaning,,,
leanin,leaning,,,
lear,lears,,,
learn,learned,,,
learnin,learning,,,
learnin,learning,,,
lear,lears,,,
leather,leathers,,,
leather,leathers,,,
leavin,leaving,,,
leavin,leaving,,,
leg,legs,,,
lego,legos,,,
lego,legos,,,
leg,legs,,,
lemon,lemons,,,
lesbian,lesbians,,,
lesson,lessons,,,
lesson,lessons,,,
let,lets,,,
let,lets,,,
letter,letters,,,
letter,letters,,,
lettin,letting,,,
lettin,letting,,,
level,levels,,,
level,levels,,,
lick,licks,,,
lickin,licking,,,
lickin,licking,,,
lick,licks,,,
lie,lies,,,
life,lifes,,,
life,lifes,,,
lifestyle,lifestyles,,,
lifestyle,lifestyles,,,
liftin,lifting,,,
ligament,ligaments,,,
light,lights,,,
lighter,lighters,,,
lighter,lighters,,,
lightin,lighting,,,
lightin,lighting,,,
lightnin,lightning,,,
lightnin,lightning,,,
light,lights,,,
likin,liking,,,
limb,limbs,,,
lime,limes,,,
limit,limits,,,
limitation,limitations,,,
limitation,limitations,,,
limit,limits,,,
line,lines,,,
linen,linens,,,
linen,linens,,,
liner,liners,,,
line,lines,,,
linger,lingers,,,
lion,lions,,,
lip,lips,,,
lip,lips,,,
liquid,liquids,,,
listenin,listening,,,
listenin,listening,,,
liter,liters,,,
liter,liters,,,
livin,living,,,
livin,living,,,
llama,llamas,,,
llama,llamas,,,
loadin,loading,,,
loadin,loading,,,
loafer,loafers,,,
loafer,loafers,,,
loan,loans,,,
loan,loans,,,
lobe,lobes,,,
lobe,lobes,,,
lobster,lobsters,,,
locin,locing,,,
lock,locks,,,
look,looks,,,
lookin,looking,,,
lookin,looking,,,
look,looks,,,
looseleaf,loose_leaf,,,
lootin,looting,,,
lootin,looting,,,
losin,losing,,,
losin,losing,,,
lot,lots,,,
louboutin,louboutins,,,
louboutin,louboutins,,,
love,loves,,,
love,loves,,,
lovin,loving,,,
lovin,loving,,,
low,lows,,,
lowkey,low_key,,,
lowkey,low_key,,,
low,lows,,,
lucifer,lucifers,,,
lung,lungs,,,
lung,lungs,,,
lurkin,lurking,,,
lurkin,lurking,,,
lustin,lusting,,,
lustin,lusting,,,
lyin,lying,,,
lyin,lying,,,
lynchin,lynching,,,
lyric,lyrics,,,
lyric,lyrics,,,
m16,m16s,,,
mac,macs,,,
machete,machetes,,,
machete,machetes,,,
machine,machines,,,
mack,macks,,,
mackin,macking,,,
mackin,macking,,,
magazine,magazines,,,
magazine,magazines,,,
magnum,magnums,,,
magnum,magnums,,,
mag,mags,,,
maid,maids,,,
maid,maids,,,
maintainin,maintaining,,,
maintainin,maintaining,,,
major,majors,,,
make,makes,,,
make,makes,,,
makin,making,,,
makin,making,,,
mall,malls,,,
mama,mamas,,,
mama,mamas,,,
man,mans,,,
manifest,manifested,,,
man,mans,,,
mansion,mansions,,,
marathon,marathons,,,
marauder,marauders,,,
marauder,marauders,,,
marchin,marching,,,
marchin,marching,,,
margarita,margaritas,,,
margiela,margielas,,,
margiela,margielas,,,
marine,marines,,,
mark,marks,,,
martini,martinis,,,
martini,martinis,,,
martyr,martyrs,,,
mashin,mashing,,,
mashin,mashing,,,
mask,masks,,,
massacre,massacres,,,
master,masters,,,
masterplan,master_plan,,,
mat,mats,,,
matchin,matching,,,
matchin,matching,,,
mathematic,mathematics,,,
matter,matters,,,
matter,matters,,,
maxin,maxing,,,
mayan,mayans,,,
mayan,mayans,,,
maybach,maybachs,,,
meadow,meadows,,,
meadow,meadows,,,
meal,meals,,,
meal,meals,,,
mean,means,,,
mean_mug,mean_mugs,,,
mean_mug,mean_mugs,,,
mean,means,,,
measurin,measuring,,,
mec,mecs,,,
medic,medics,,,
meditatin,meditating,,,
meeting,meetings,,,
meeting,meetings,,,
melody,melodys,,,
meltin,melting,,,
mental,mentals,,,
mention,mentioned,,,
mermaid,mermaids,,,
message,messages,,,
message,messages,,,
messin,messing,,,
messin,messing,,,
method,methods,,,
meu,meus,,,
meyer,meyers,,,
mic,mics,,,
mic,mics,,,
midwest,mid_west,,,
middle_finger,middle_fingers,,,
middle_finger,middle_fingers,,,
midwest,mid_west,,,
migo,migos,,,
migo,migos,,,
mild,milds,,,
mild,milds,,,
mile,miles,,,
mile,miles,,,
mill,mills,,,
millimeter,millimeters,,,
millimeter,millimeters,,,
million,millions,,,
million_dollar,million_dollars,,,
million,millions,,,
mill,mills,,,
mind,minds,,,
mindin,minding,,,
mindin,minding,,,
mind,minds,,,
mine,mines,,,
mineral,minerals,,,
mineral,minerals,,,
mine,mines,,,
minha,minhas,,,
miniskirt,mini_skirt,,,
miniskirt,mini_skirt,,,
minister,ministers,,,
minister,ministers,,,
mink,minks,,,
mink,minks,,,
mirror,mirrors,,,
missin,missing,,,
missin,missing,,,
mission,missions,,,
missle,missles,,,
missle,missles,,,
mistake,mistakes,,,
mistake,mistakes,,,
mistakin,mistaking,,,
mixin,mixing,,,
mixin,mixing,,,
mixtape,mixtapes,,,
mixtape,mix_tape,,,
mixtape,mixtapes,,,
mmmm,mm_mm,,,
mmmm,mm_mm,,,
moanin,moaning,,,
mobbin,mobbing,,,
mobbin,mobbing,,,
model,models,,,
model,models,,,
molecule,molecules,,,
molecule,molecules,,,
molly,mollys,,,
molly,mollys,,,
mom,moms,,,
moment,moments,,,
momma,mommas,,,
momma,mommas,,,
mom,moms,,,
money,moneys,,,
money,moneys,,,
monk,monks,,,
monk,monks,,,
month,months,,,
month,months,,,
mornin,morning,,,
mornin,morning,,,
moshpit,mosh_pit,,,
mothafuckin,mothafucking,,,
mothafuckin,mothafucking,,,
mother,mothers,,,
motherfucker,mother_fucker,,,
motherfuckers,mother_fuckers,,,
motherfucking,mother_fucking,,,
motherfucker,mother_fucker,,,
motherfucker,motherfuckers,,,
motherfuckers,mother_fuckers,,,
motherfuckin,motherfucking,,,
motherfucking,mother_fucking,,,
motherfuckin,motherfucking,,,
mother,mothers,,,
mountain,mountains,,,
mountain,mountains,,,
mouth,mouths,,,
move,moves,,,
movement,movements,,,
move,moves,,,
movie,movies,,,
movie,movies,,,
movin,moving,,,
movin,moving,,,
mre,mres,,,
mre,mres,,,
mug,mugs,,,
mug,mugs,,,
mumblin,mumbling,,,
mumblin,mumbling,,,
murder,murders,,,
murder,murdered,,,
murderin,murdering,,,
murderin,murdering,,,
murkin,murking,,,
murkin,murking,,,
muscle,muscles,,,
muscle,muscles,,,
music,musics,,,
muthafucka,mutha_fucka,,,
muthafuckin,muthafucking,,,
muthafuckin,muthafucking,,,
n_gga,n_ggas,,,
n9ne,n9nes,,,
nana,na_na,,,
nacho,nachos,,,
nacho,nachos,,,
name,names,,,
name,names,,,
nana,na_na,,,
nap,naps,,,
nap,naps,,,
narco,narcos,,,
nation,nations,,,
nazi,nazis,,,
nazi,nazis,,,
neck,necks,,,
neck,necks,,,
need,needs,,,
needin,needing,,,
needin,needing,,,
needle,needles,,,
need,needs,,,
neighborhood,neighborhoods,,,
neighbor,neighbors,,,
nerd,nerds,,,
nerve,nerves,,,
nerve,nerves,,,
new,news,,,
newport,newports,,,
newport,newports,,,
ngro,ngros,,,
ngro,ngros,,,
nicht,nichts,,,
nickel,nickels,,,
nickel,nickels,,,
nickle,nickles,,,
niece,nieces,,,
niece,nieces,,,
nigga,niggas,,,
nigga,niggas,,,
night,nights,,,
nighter,nighters,,,
nightmare,nightmares,,,
nightmare,nightmares,,,
night,nights,,,
nike,nikes,,,
nike_air,nike_airs,,,
nike_air,nike_airs,,,
nike,nikes,,,
nine,nines,,,
nine,nines,,,
nipple,nipples,,,
nipple,nipples,,,
nobody,nobodys,,,
nobody,nobodys,,,
noddin,nodding,,,
noddin,nodding,,,
noise,noises,,,
nonstop,non_stop,,,
nonstop,non_stop,,,
northside,north_side,,,
northside,north_side,,,
nose,noses,,,
nosso,nossos,,,
nostril,nostrils,,,
nostril,nostrils,,,
note,notes,,,
notebook,notebooks,,,
notebook,notebooks,,,
note,notes,,,
nothin,nothing,,,
nothin,nothing,,,
number,numbers,,,
number,numbers,,,
numro,numros,,,
nurse,nurses,,,
nut,nuts,,,
nuthin,nuthing,,,
nut,nuts,,,
oclock,o_clock,,,
obama,obamas,,,
observin,observing,,,
occur,occurs,,,
occur,occurs,,,
ocean,oceans,,,
oclock,o_clock,,,
off,offs,,,
offend,offends,,,
offend,offended,,,
offer,offered,,,
officer,officers,,,
old_school,old_schools,,,
oldie,oldies,,,
one,ones,,,
one,ones,,,
oooo,oo_oo,,,
oooo,oo_oo,,,
open,opens,,,
openin,opening,,,
openin,opening,,,
open,opens,,,
opinion,opinions,,,
opinion,opinions,,,
optic,optics,,,
optic,optics,,,
optimo,optimos,,,
option,options,,,
option,options,,,
orbit,orbits,,,
order,orders,,,
organ,organs,,,
oscar,oscars,,,
ounce,ounces,,,
ounce,ounces,,,
our,ours,,,
our,ours,,,
outlaw,outlaws,,,
outlaw,outlaws,,,
overseas,over_seas,,,
overflowin,overflowing,,,
overflowin,overflowing,,,
overlookin,overlooking,,,
overseas,over_seas,,,
owin,owing,,,
owl,owls,,,
pacin,pacing,,,
pacin,pacing,,,
pack,packs,,,
package,packages,,,
packer,packers,,,
packer,packers,,,
packin,packing,,,
packin,packing,,,
pack,packs,,,
pad,pads,,,
page,pages,,,
page,pages,,,
pagin,paging,,,
pain,pains,,,
pain,pains,,,
paint,painted,,,
painting,paintings,,,
pair,pairs,,,
pair,pairs,,,
palm,palms,,,
palm,palms,,,
pamper,pampers,,,
pancake,pancakes,,,
pancake,pancakes,,,
paper,papers,,,
paper_chasin,paper_chasing,,,
paper,papers,,,
park,parks,,,
parkin,parking,,,
parkin,parking,,,
parlor,parlors,,,
part,parts,,,
particle,particles,,,
partna,partnas,,,
partner,partners,,,
partner,partners,,,
party,partys,,,
partyin,partying,,,
partyin,partying,,,
party,partys,,,
pas_le,pas_les,,,
passage,passages,,,
passin,passing,,,
passin,passing,,,
passion,passions,,,
path,paths,,,
patiently_waitin,patiently_waiting,,,
patiently_waitin,patiently_waiting,,,
patrollin,patrolling,,,
pattern,patterns,,,
pattern,patterns,,,
pay,pays,,,
payin,paying,,,
payin,paying,,,
payment,payments,,,
payment,payments,,,
pay,pays,,,
peekin,peeking,,,
peekin,peeking,,,
peel,peels,,,
peelin,peeling,,,
peelin,peeling,,,
peel,peels,,,
peephole,peep_hole,,,
peephole,peep_hole,,,
peepin,peeping,,,
peepin,peeping,,,
peice,peices,,,
peice,peices,,,
pen,pens,,,
penetratin,penetrating,,,
pennin,penning,,,
people,peoples,,,
people,peoples,,,
pepper,peppers,,,
perc,percs,,,
percocet,percocets,,,
percocet,percocets,,,
perc,percs,,,
perky,perkys,,,
perky,perkys,,,
person,persons,,,
peso,pesos,,,
peso,pesos,,,
pharaoh,pharaohs,,,
pharaoh,pharaohs,,,
phone,phones,,,
phone,phones,,,
photo,photos,,,
phrase,phrases,,,
pic,pics,,,
pickin,picking,,,
pickin,picking,,,
pic,pics,,,
picture,pictures,,,
picture,pictures,,,
picturin,picturing,,,
pie,pies,,,
piece,pieces,,,
pile,piles,,,
pilin,piling,,,
pilin,piling,,,
pill,pills,,,
pillow,pillows,,,
pillow_talkin,pillow_talking,,,
pillow_talkin,pillow_talking,,,
pill,pills,,,
pilot,pilots,,,
pimpin,pimping,,,
pimpin,pimping,,,
pin,pins,,,
pinchin,pinching,,,
pinchin,pinching,,,
pint,pints,,,
pint,pints,,,
piranha,piranhas,,,
pirelli,pirellis,,,
piru,pirus,,,
piru,pirus,,,
pissin,pissing,,,
pissin,pissing,,,
pit,pits,,,
pitbull,pit_bull,,,
pitchin,pitching,,,
pitchin,pitching,,,
place,places,,,
plan,plans,,,
plane,planes,,,
plane,planes,,,
planet,planets,,,
plannin,planning,,,
plan,plans,,,
plant,plants,,,
plant,planted,,,
plantin,planting,,,
plantin,planting,,,
plant,plants,,,
plaque,plaques,,,
plaque,plaques,,,
platinum_plaque,platinum_plaques,,,
platinum_plaque,platinum_plaques,,,
playa,playas,,,
playa,playas,,,
player,players,,,
playin,playing,,,
playin,playing,,,
plea,pleas,,,
pleadin,pleading,,,
pleadin,pleading,,,
plot,plots,,,
plot,plots,,,
plottin,plotting,,,
plottin,plotting,,,
plug,plugs,,,
plug,plugs,,,
po_po,po_pos,,,
popo,po_po,,,
po_po,po_pos,,,
popos,po_pos,,,
pocket,pockets,,,
pocket,pockets,,,
poem,poems,,,
poem,poems,,,
point,points,,,
pointer,pointers,,,
pointer,pointers,,,
pointin,pointing,,,
pointin,pointing,,,
poison,poisons,,,
pokin,poking,,,
pokin,poking,,,
police,polices,,,
pool,pools,,,
popo,po_po,,,
popper,poppers,,,
poppin,popping,,,
poppin,popping,,,
pore,pores,,,
pornstar,porn_star,,,
pornstar,porn_star,,,
porsche,porsches,,,
porsche,porsches,,,
portal,portals,,,
portion,portions,,,
portrait,portraits,,,
portrait,portraits,,,
posin,posing,,,
posin,posing,,,
position,positions,,,
position,positions,,,
postin,posting,,,
postin,posting,,,
pot,pots,,,
pot,pots,,,
pound,pounds,,,
pound,pounds,,,
pourin,pouring,,,
pourin,pouring,,,
power,powers,,,
practicin,practicing,,,
praise,praises,,,
praise,praises,,,
praisin,praising,,,
praisin,praising,,,
pray,prays,,,
prayer,prayers,,,
prayer,prayers,,,
prayin,praying,,,
prayin,praying,,,
preacher,preachers,,,
preachin,preaching,,,
preachin,preaching,,,
prescription,prescriptions,,,
prescription,prescriptions,,,
press,pressed,,,
pressin,pressing,,,
pressin,pressing,,,
pretendin,pretending,,,
preyin,preying,,,
price,prices,,,
price,prices,,,
prison,prisons,,,
private_jet,private_jets,,,
problem,problems,,,
problem,problems,,,
proceed,proceeds,,,
produce,produces,,,
product,products,,,
profit,profits,,,
profit,profits,,,
program,programs,,,
progressin,progressing,,,
progressin,progressing,,,
project,projects,,,
project,projects,,,
promise,promises,,,
promo,promos,,,
prophet,prophets,,,
prosecutor,prosecutors,,,
prosecutor,prosecutors,,,
provin,proving,,,
provokin,provoking,,,
psalm,psalms,,,
psalm,psalms,,,
puddin,pudding,,,
puddle,puddles,,,
puddle,puddles,,,
puffin,puffing,,,
puffin,puffing,,,
pullin,pulling,,,
pullin,pulling,,,
pump,pumps,,,
pumpin,pumping,,,
pumpin,pumping,,,
punchlines,punch_lines,,,
punchlines,punch_lines,,,
punk,punks,,,
punk,punks,,,
purrin,purring,,,
purrin,purring,,,
purse,purses,,,
pursuin,pursuing,,,
pushin,pushing,,,
pushin,pushing,,,
pussy,pussys,,,
pussy,pussys,,,
put,puts,,,
pute,putes,,,
pute,putes,,,
put,puts,,,
puttin,putting,,,
puttin,putting,,,
puzzle,puzzles,,,
quake,quakes,,,
quake,quakes,,,
quart,quarts,,,
quarter,quarters,,,
quarter,quarters,,,
quart,quarts,,,
queer,queers,,,
question,questions,,,
questionin,questioning,,,
questionin,questioning,,,
question,questions,,,
quittin,quitting,,,
quittin,quitting,,,
quotin,quoting,,,
quotin,quoting,,,
rabbit,rabbits,,,
racin,racing,,,
racin,racing,,,
rack,racks,,,
racket,rackets,,,
racket,rackets,,,
rackin,racking,,,
rackin,racking,,,
rack,racks,,,
ragtop,rag_top,,,
raider,raiders,,,
raider,raiders,,,
rain,rains,,,
raindrops,rain_drops,,,
raindrops,rain_drops,,,
rainin,raining,,,
rainin,raining,,,
rain,rains,,,
raisin,raising,,,
raisin,raisins,,,
raisin,raising,,,
rakin,raking,,,
rap,raps,,,
rappin,rapping,,,
rappin,rapping,,,
rap,raps,,,
rasta,rastas,,,
rat,rats,,,
rattlin,rattling,,,
razor,razors,,,
reachin,reaching,,,
reachin,reaching,,,
readin,reading,,,
readin,reading,,,
realm,realms,,,
reaper,reapers,,,
rearview,rear_view,,,
rearview,rear_view,,,
reason,reasons,,,
reason,reasons,,,
receipt,receipts,,,
recitin,reciting,,,
reclinin,reclining,,,
record,records,,,
recordin,recording,,,
recordin,recording,,,
record,records,,,
redbone,red_bone,,,
red_dot,red_dots,,,
red_dot,red_dots,,,
redbone,red_bone,,,
redbone,redbones,,,
reebok,reeboks,,,
reebok,reeboks,,,
reflection,reflections,,,
reflection,reflections,,,
refund,refunds,,,
regal,regals,,,
regal,regals,,,
rehearsin,rehearsing,,,
rehearsin,rehearsing,,,
reign,reigns,,,
reign,reigns,,,
relationship,relationships,,,
relationship,relationships,,,
relaxin,relaxing,,,
relaxin,relaxing,,,
relay,relays,,,
releasin,releasing,,,
releasin,releasing,,,
remain,remains,,,
remain,remains,,,
rememberin,remembering,,,
remind,reminds,,,
remind,reminds,,,
reminiscin,reminiscing,,,
reminiscin,reminiscing,,,
rentin,renting,,,
rentin,renting,,,
reparation,reparations,,,
repeat,repeats,,,
repentin,repenting,,,
replay,replays,,,
reppin,repping,,,
reppin,repping,,,
representin,representing,,,
representin,representing,,,
resemble,resembles,,,
reside,resides,,,
resident,residents,,,
resident,residents,,,
reside,resides,,,
respect,respects,,,
restaurant,restaurants,,,
restin,resting,,,
restin,resting,,,
result,results,,,
result,results,,,
retard,retarded,,,
revelation,revelations,,,
revelation,revelations,,,
revolve,revolves,,,
revolver,revolvers,,,
revolver,revolvers,,,
revolve,revolves,,,
revolvin,revolving,,,
revvin,revving,,,
rhyme,rhymes,,,
rhyme,rhymes,,,
rhymin,rhyming,,,
rhymin,rhyming,,,
rhythm,rhythms,,,
rib,ribs,,,
ribcage,rib_cage,,,
rib,ribs,,,
ride,rides,,,
ridin,riding,,,
ridin,riding,,,
rifle,rifles,,,
rim,rims,,,
ring,rings,,,
ringin,ringing,,,
ringin,ringing,,,
ring,rings,,,
riot,riots,,,
rip,rips,,,
rippin,ripping,,,
rippin,ripping,,,
risin,rising,,,
risin,rising,,,
risk,risks,,,
rival,rivals,,,
rival,rivals,,,
river,rivers,,,
river,rivers,,,
road,roads,,,
road,roads,,,
roamin,roaming,,,
roamin,roaming,,,
roarin,roaring,,,
roarin,roaring,,,
robbin,robbing,,,
robbin,robbing,,,
robe,robes,,,
robe,robes,,,
rock,rocks,,,
rockstar,rock_star,,,
rocket,rockets,,,
rocket,rockets,,,
rockin,rocking,,,
rockin,rocking,,,
rock,rocks,,,
rockstar,rock_star,,,
role,roles,,,
role,roles,,,
rollercoaster,roller_coaster,,,
rollercoaster,roller_coaster,,,
rollie,rollies,,,
rollin,rolling,,,
rollin,rolling,,,
romancin,romancing,,,
rooftop,rooftops,,,
room,rooms,,,
rotate,rotates,,,
round,rounds,,,
round,rounds,,,
route,routes,,,
rubber,rubbers,,,
rubberband,rubber_band,,,
rubber_band,rubber_bands,,,
rubberbands,rubber_bands,,,
rubber_band,rubber_bands,,,
rubberband,rubber_band,,,
rubberband,rubberbands,,,
rubberbands,rubber_bands,,,
rubberband,rubberbands,,,
rubbin,rubbing,,,
rubbin,rubbing,,,
rudeboy,rude_boy,,,
rudeboy,rude_boy,,,
rug,rugs,,,
rule,rules,,,
rulin,ruling,,,
rump,rumps,,,
run,runs,,,
runnin,running,,,
runnin,running,,,
run,runs,,,
ruth,ruths,,,
ruth,ruths,,,
sack,sacks,,,
sack,sacks,,,
saggin,sagging,,,
saggin,sagging,,,
sail,sails,,,
sailin,sailing,,,
sake,sakes,,,
sale,sales,,,
sale,sales,,,
salt,salts,,,
salt,salts,,,
sand,sands,,,
sand,sands,,,
satan,satans,,,
satan,satans,,,
saucer,saucers,,,
saucer,saucers,,,
sayer,sayers,,,
sayin,saying,,,
sayin,saying,,,
scale,scales,,,
scale,scales,,,
scam,scams,,,
scan,scans,,,
scanner,scanners,,,
scarin,scaring,,,
scarin,scaring,,,
scatter,scattered,,,
scene,scenes,,,
scheme,schemes,,,
scheme,schemes,,,
schemin,scheming,,,
schemin,scheming,,,
scholarship,scholarships,,,
school,schools,,,
schoolin,schooling,,,
schoolin,schooling,,,
scopin,scoping,,,
scopin,scoping,,,
scorin,scoring,,,
scorin,scoring,,,
scorn,scorned,,,
scout,scouts,,,
scrapin,scraping,,,
scrapin,scraping,,,
scrappin,scrapping,,,
scrappin,scrapping,,,
scratchin,scratching,,,
scratchin,scratching,,,
scream,screams,,,
screamin,screaming,,,
screamin,screaming,,,
screechin,screeching,,,
screechin,screeching,,,
screen,screens,,,
screw,screwed,,,
screwin,screwing,,,
screwin,screwing,,,
scribblin,scribbling,,,
scribblin,scribbling,,,
script,scripts,,,
scripture,scriptures,,,
scripture,scriptures,,,
scroll,scrolls,,,
scrollin,scrolling,,,
scrub,scrubs,,,
scrub,scrubs,,,
sea,seas,,,
searchin,searching,,,
searchin,searching,,,
sea,seas,,,
season,seasons,,,
seat,seats,,,
seater,seaters,,,
seater,seaters,,,
seat,seats,,,
second,seconds,,,
second_guessin,second_guessing,,,
second_guessin,second_guessing,,,
second,seconds,,,
secret,secrets,,,
secret,secrets,,,
sedan,sedans,,,
seed,seeds,,,
seed,seeds,,,
seein,seeing,,,
seein,seeing,,,
seekin,seeking,,,
seem,seems,,,
seem,seems,,,
seep,seeps,,,
seepin,seeping,,,
seepin,seeping,,,
sell,sells,,,
sellin,selling,,,
sellin,selling,,,
semi,semis,,,
semi,semis,,,
sendin,sending,,,
sendin,sending,,,
sensation,sensations,,,
sentence,sentences,,,
serpent,serpents,,,
service,services,,,
servin,serving,,,
servin,serving,,,
session,sessions,,,
session,sessions,,,
set,sets,,,
settin,setting,,,
settin,setting,,,
sexin,sexing,,,
sexin,sexing,,,
shade,shades,,,
shadow,shadows,,,
shadow,shadows,,,
shakin,shaking,,,
shakin,shaking,,,
sharin,sharing,,,
shark,sharks,,,
shark,sharks,,,
shatter,shattered,,,
she,shes,,,
shed,sheds,,,
sheddin,shedding,,,
sheddin,shedding,,,
sheep,sheeps,,,
sheet,sheets,,,
shelltoes,shell_toes,,,
she,shes,,,
shift,shifts,,,
shift,shifts,,,
shine,shines,,,
shinin,shining,,,
shinin,shining,,,
ship,ships,,,
shipment,shipments,,,
shippin,shipping,,,
shippin,shipping,,,
shirt,shirts,,,
shit,shits,,,
shit,shits,,,
shittin,shitting,,,
shittin,shitting,,,
shoe,shoes,,,
shoebox,shoe_box,,,
shoebox,shoe_box,,,
shoe,shoes,,,
shootin,shooting,,,
shootin,shooting,,,
shootouts,shoot_outs,,,
shop,shops,,,
shoppin,shopping,,,
shoppin,shopping,,,
shore,shores,,,
shorty,shortys,,,
shot,shots,,,
shotgun,shotguns,,,
shot,shots,,,
shoulder,shoulders,,,
shoulder,shoulders,,,
shout,shouts,,,
shoutout,shout_out,,,
shout_out,shout_outs,,,
shoutout,shout_out,,,
shoutout,shoutouts,,,
shovin,shoving,,,
shovin,shoving,,,
shower,showers,,,
shower,showers,,,
showin,showing,,,
showin,showing,,,
shred,shreds,,,
shrimp,shrimps,,,
shrimp,shrimps,,,
shut,shuts,,,
shuttin,shutting,,,
shuttin,shutting,,,
sickenin,sickening,,,
sickenin,sickening,,,
side,sides,,,
sideline,sidelines,,,
sideline,sidelines,,,
side,sides,,,
sight,sights,,,
sign,signs,,,
signin,signing,,,
signin,signing,,,
sign,signs,,,
silencer,silencers,,,
silencer,silencers,,,
sin,sins,,,
sing,sings,,,
singin,singing,,,
singin,singing,,,
sinkin,sinking,,,
sinkin,sinking,,,
sinnin,sinning,,,
sinnin,sinning,,,
sin,sins,,,
sip,sips,,,
sipper,sippers,,,
sipper,sippers,,,
sippin,sipping,,,
sippin,sipping,,,
sip,sips,,,
siren,sirens,,,
siren,sirens,,,
sister,sisters,,,
sister,sisters,,,
sittin,sitting,,,
sittin,sitting,,,
situation,situations,,,
situation,situations,,,
sizzlin,sizzling,,,
skate,skates,,,
skatin,skating,,,
skatin,skating,,,
skeet,skeeted,,,
ski_mask,ski_masks,,,
skill,skills,,,
skill,skills,,,
skippin,skipping,,,
skull,skulls,,,
sky,skys,,,
sky,skys,,,
skyscraper,skyscrapers,,,
skyscraper,skyscrapers,,,
slackin,slacking,,,
slam,slams,,,
slammin,slamming,,,
slammin,slamming,,,
slangin,slanging,,,
slangin,slanging,,,
slappin,slapping,,,
slappin,slapping,,,
slave,slaves,,,
slave,slaves,,,
sleepin,sleeping,,,
sleepin,sleeping,,,
sleeve,sleeves,,,
sleeve,sleeves,,,
slice,slices,,,
slidin,sliding,,,
slidin,sliding,,,
slingin,slinging,,,
slingin,slinging,,,
slipper,slippers,,,
slippin,slipping,,,
slippin,slipping,,,
slow,slows,,,
slowin,slowing,,,
slowin,slowing,,,
slug,slugs,,,
slug,slugs,,,
slum,slums,,,
slump,slumped,,,
slum,slums,,,
slurpin,slurping,,,
slurpin,slurping,,,
smack,smacked,,,
smackin,smacking,,,
smackin,smacking,,,
smell,smells,,,
smellin,smelling,,,
smellin,smelling,,,
smile,smiles,,,
smile,smiles,,,
smilin,smiling,,,
smilin,smiling,,,
smokin,smoking,,,
smokin,smoking,,,
snack,snacks,,,
snack,snacks,,,
snake,snakes,,,
snake,snakes,,,
snapback,snapbacks,,,
snappin,snapping,,,
snappin,snapping,,,
snare,snares,,,
snare,snares,,,
snatch,snatched,,,
snatcher,snatchers,,,
snatchin,snatching,,,
snatchin,snatching,,,
sneak_dissin,sneak_dissing,,,
sneak_dissin,sneak_dissing,,,
sneaker,sneakers,,,
sniffin,sniffing,,,
sniffin,sniffing,,,
snitch,snitched,,,
snitchin,snitching,,,
snitchin,snitching,,,
snorin,snoring,,,
snorin,snoring,,,
snortin,snorting,,,
snortin,snorting,,,
snow,snows,,,
snowin,snowing,,,
snowin,snowing,,,
snow,snows,,,
soakin,soaking,,,
soakin,soaking,,,
soar,soars,,,
soarin,soaring,,,
soarin,soaring,,,
sock,socks,,,
socket,sockets,,,
sockin,socking,,,
soldier,soldiers,,,
sole,soles,,,
solvin,solving,,,
somebody,somebodys,,,
somebody,somebodys,,,
somethin,something,,,
somethin,something,,,
something,somethings,,,
something,somethings,,,
sometime,sometimes,,,
sometime,sometimes,,,
son,sons,,,
song,songs,,,
song,songs,,,
sonnin,sonning,,,
son,sons,,,
soothe,soothes,,,
soothe,soothes,,,
sorrow,sorrows,,,
soul,souls,,,
sound,sounds,,,
soundin,sounding,,,
soundin,sounding,,,
sound,sounds,,,
southside,south_side,,,
southside,south_side,,,
space,spaces,,,
spaceship,space_ship,,,
spade,spades,,,
spade,spades,,,
spark,sparks,,,
spark,sparked,,,
sparkin,sparking,,,
sparkin,sparking,,,
sparklin,sparkling,,,
sparklin,sparkling,,,
spawn,spawned,,,
speak,speaks,,,
speaker,speakers,,,
speaker,speakers,,,
speakin,speaking,,,
speakin,speaking,,,
speed,speeds,,,
speedin,speeding,,,
speedin,speeding,,,
speed,speeds,,,
spendin,spending,,,
spendin,spending,,,
spill,spills,,,
spill,spilled,,,
spillin,spilling,,,
spillin,spilling,,,
spine,spines,,,
spinnin,spinning,,,
spinnin,spinning,,,
spirit,spirits,,,
spirit,spirits,,,
spit,spits,,,
spit,spits,,,
spittin,spitting,,,
spittin,spitting,,,
splatter,splattered,,,
spliff,spliffs,,,
spliff,spliffs,,,
splurgin,splurging,,,
splurgin,splurging,,,
sport,sports,,,
sport,sports,,,
spot,spots,,,
spot,spots,,,
spottin,spotting,,,
spray,sprays,,,
sprayin,spraying,,,
sprayin,spraying,,,
spreadin,spreading,,,
spreadin,spreading,,,
square,squares,,,
squarian,squarians,,,
squashin,squashing,,,
squashin,squashing,,,
squealin,squealing,,,
squeezin,squeezing,,,
squeezin,squeezing,,,
squint,squinted,,,
squirtin,squirting,,,
stabbin,stabbing,,,
stack,stacks,,,
stack,stacked,,,
stackin,stacking,,,
stackin,stacking,,,
stack,stacks,,,
stage,stages,,,
stain,stains,,,
stain,stained,,,
stain,stains,,,
stake,stakes,,,
stalkin,stalking,,,
stalkin,stalking,,,
stallin,stalling,,,
stallin,stalling,,,
stand,stands,,,
standin,standing,,,
standin,standing,,,
star,stars,,,
starch,starched,,,
stare,stares,,,
stare,stares,,,
starin,staring,,,
starin,staring,,,
star,stars,,,
start,starts,,,
start,started,,,
startin,starting,,,
startin,starting,,,
start,starts,,,
starvin,starving,,,
starvin,starving,,,
stash,stashed,,,
stashin,stashing,,,
stashin,stashing,,,
state,states,,,
statin,stating,,,
statin,stating,,,
station,stations,,,
stayin,staying,,,
stayin,staying,,,
steak,steaks,,,
steak,steaks,,,
steamin,steaming,,,
steamin,steaming,,,
steerin,steering,,,
steerin,steering,,,
stem,stems,,,
stem,stems,,,
step,steps,,,
steppin,stepping,,,
steppin,stepping,,,
stickin,sticking,,,
stickin,sticking,,,
stink,stinks,,,
stinkin,stinking,,,
stinkin,stinking,,,
stink,stinks,,,
stitch,stitched,,,
stock,stocks,,,
stock,stocks,,,
stomach,stomachs,,,
stompin,stomping,,,
stompin,stomping,,,
stone,stones,,,
stone,stones,,,
stool,stools,,,
stop,stops,,,
stoppin,stopping,,,
stoppin,stopping,,,
stop,stops,,,
store,stores,,,
store,stores,,,
storm,storms,,,
stormin,storming,,,
stormin,storming,,,
storm,storms,,,
story,storys,,,
stove,stoves,,,
stove,stoves,,,
strain,strains,,,
strap,straps,,,
strap,straps,,,
straw,straws,,,
stray,strays,,,
stray,strays,,,
streak,streaks,,,
stream,streams,,,
stream,streams,,,
street,streets,,,
street,streets,,,
stress,stressed,,,
stressin,stressing,,,
stressin,stressing,,,
strike,strikes,,,
strike,strikes,,,
string,strings,,,
stripe,stripes,,,
strippin,stripping,,,
strippin,stripping,,,
strokin,stroking,,,
strokin,stroking,,,
struggle,struggles,,,
struggle,struggles,,,
strugglin,struggling,,,
strugglin,struggling,,,
struttin,strutting,,,
studio,studios,,,
stuffin,stuffing,,,
stumblin,stumbling,,,
stumblin,stumbling,,,
stuntin,stunting,,,
stuntin,stunting,,,
style,styles,,,
style,styles,,,
stylin,styling,,,
stylin,styling,,,
subliminal,subliminals,,,
suburban,suburbans,,,
suckin,sucking,,,
suckin,sucking,,,
sufferin,suffering,,,
sufferin,suffering,,,
suit,suits,,,
suite,suites,,,
suite,suites,,,
summer,summers,,,
summer,summers,,,
sun,suns,,,
sunrise,sun_rise,,,
sunday,sundays,,,
sunday,sundays,,,
sunrise,sun_rise,,,
sun,suns,,,
superbowl,super_bowl,,,
superbowl,super_bowl,,,
supportin,supporting,,,
supportin,supporting,,,
surfin,surfing,,,
surfin,surfing,,,
surround,surrounds,,,
surround,surrounded,,,
surroundin,surrounding,,,
surroundin,surrounding,,,
swaggin,swagging,,,
swaggin,swagging,,,
swallow,swallows,,,
swallowin,swallowing,,,
swallowin,swallowing,,,
swang,swangs,,,
swangin,swanging,,,
swangin,swanging,,,
swat,swats,,,
swearin,swearing,,,
swearin,swearing,,,
sweater,sweaters,,,
sweater,sweaters,,,
sweatin,sweating,,,
sweatin,sweating,,,
sweepin,sweeping,,,
sweepin,sweeping,,,
swervin,swerving,,,
swervin,swerving,,,
swimmin,swimming,,,
swimmin,swimming,,,
swingin,swinging,,,
swingin,swinging,,,
swipin,swiping,,,
swisha,swishas,,,
swisher,swishers,,,
swisher_sweet,swisher_sweets,,,
swisher_sweet,swisher_sweets,,,
swisher,swishers,,,
switch,switched,,,
switchin,switching,,,
switchin,switching,,,
sword,swords,,,
syllable,syllables,,,
syllable,syllables,,,
system,systems,,,
t_shirt,t_shirts,,,
tablet,tablets,,,
tablet,tablets,,,
tag,tags,,,
tailor,tailored,,,
tai,tais,,,
take,takes,,,
take,takes,,,
takin,taking,,,
takin,taking,,,
tale,tales,,,
talent,talents,,,
tale,tales,,,
talkin,talking,,,
talkin,talking,,,
tamale,tamales,,,
tampon,tampons,,,
tannin,tanning,,,
tantrum,tantrums,,,
tantrum,tantrums,,,
tape,tapes,,,
tape,tapes,,,
tapin,taping,,,
tappin,tapping,,,
target,targets,,,
tart,tarts,,,
taste,tastes,,,
taste,tastes,,,
tastin,tasting,,,
tastin,tasting,,,
tattoo,tattoos,,,
tattoo,tattooed,,,
tattoo,tattoos,,,
teacher,teachers,,,
teacher,teachers,,,
teachin,teaching,,,
teachin,teaching,,,
team,teams,,,
teamin,teaming,,,
teardrops,tear_drops,,,
tearin,tearing,,,
tearin,tearing,,,
teasin,teasing,,,
tec,tecs,,,
tech,techs,,,
technique,techniques,,,
technique,techniques,,,
teen,teens,,,
teen,teens,,,
teethin,teething,,,
teethin,teething,,,
telescope,telescopes,,,
tell,tells,,,
tellin,telling,,,
tellin,telling,,,
temperature,temperatures,,,
temperature,temperatures,,,
tent,tents,,,
terrorist,terrorists,,,
terrorist,terrorists,,,
testin,testing,,,
testin,testing,,,
text,texts,,,
textin,texting,,,
textin,texting,,,
text,texts,,,
thang,thangs,,,
thang,thangs,,,
thank,thanks,,,
thankin,thanking,,,
thankin,thanking,,,
thank,thanks,,,
thanksgivin,thanksgiving,,,
thanksgivin,thanksgiving,,,
that,thats,,,
these,theses,,,
thievin,thieving,,,
thigh,thighs,,,
thigh,thighs,,,
thing,things,,,
thing,things,,,
thinkin,thinking,,,
thinkin,thinking,,,
thong,thongs,,,
thong,thongs,,,
thorn,thorns,,,
thou,thous,,,
thou,thous,,,
thrill,thrills,,,
thrill,thrills,,,
throbbin,throbbing,,,
throbbin,throbbing,,,
throne,thrones,,,
thrower,throwers,,,
thrower,throwers,,,
throwin,throwing,,,
throwin,throwing,,,
thug,thugs,,,
thuggin,thugging,,,
thuggin,thugging,,,
thug,thugs,,,
thumb,thumbs,,,
thumb,thumbs,,,
thump,thumps,,,
thumpin,thumping,,,
thumpin,thumping,,,
thunder,thunders,,,
tick,ticks,,,
ticket,tickets,,,
ticket,tickets,,,
tickin,ticking,,,
tickin,ticking,,,
tick,ticks,,,
tide,tides,,,
tide,tides,,,
tiene,tienes,,,
tiene,tienes,,,
tightrope,tight_rope,,,
tightrope,tight_rope,,,
timberland,timberlands,,,
time,times,,,
timer,timers,,,
timer,timers,,,
time,times,,,
timin,timing,,,
timin,timing,,,
ting,tings,,,
tint,tints,,,
tint,tints,,,
tipdrill,tip_drill,,,
tipdrill,tip_drill,,,
tippin,tipping,,,
tippin,tipping,,,
tire,tires,,,
tire,tires,,,
tissue,tissues,,,
tit,tits,,,
toastin,toasting,,,
toastin,toasting,,,
todo,todos,,,
todo,todos,,,
toe,toes,,,
toe,toes,,,
toke,tokes,,,
toke,tokes,,,
tokin,toking,,,
tokin,toking,,,
tom,toms,,,
tomb,tombs,,,
tomorrow,tomorrows,,,
tomorrow,tomorrows,,,
tonight,tonights,,,
tonight,tonights,,,
tool,tools,,,
tool,tools,,,
top,tops,,,
toppin,topping,,,
toppin,topping,,,
totin,toting,,,
totin,toting,,,
touch,touched,,,
touchin,touching,,,
tour,tours,,,
tourin,touring,,,
tourin,touring,,,
toward,towards,,,
toward,towards,,,
towel,towels,,,
tower,towers,,,
tower,towers,,,
toy,toys,,,
toy,toys,,,
trace,traces,,,
track,tracks,,,
track,tracks,,,
trail,trails,,,
train,trains,,,
train,trains,,,
transportin,transporting,,,
transportin,transporting,,,
traphouse,trap_house,,,
traphouse,trap_house,,,
trappin,trapping,,,
trappin,trapping,,,
travel,travels,,,
travel,traveled,,,
traveler,travelers,,,
travelin,traveling,,,
travelin,traveling,,,
tre,tres,,,
treasure,treasures,,,
treat,treats,,,
treatin,treating,,,
treatin,treating,,,
tree,trees,,,
tree,trees,,,
tremblin,trembling,,,
trend,trends,,,
trend,trends,,,
tre,tres,,,
tribe,tribes,,,
trickin,tricking,,,
trickin,tricking,,,
trick,tricks,,,
triflin,trifling,,,
trigger,triggers,,,
trip,trips,,,
triple_beam,triple_beams,,,
triple_beam,triple_beams,,,
trippin,tripping,,,
trippin,tripping,,,
truck,trucks,,,
truckin,trucking,,,
truck,trucks,,,
trumpet,trumpets,,,
trumpet,trumpets,,,
trunk,trunks,,,
trustin,trusting,,,
trustin,trusting,,,
truth,truths,,,
tryin,trying,,,
tryin,trying,,,
tube,tubes,,,
tube,tubes,,,
tune,tunes,,,
tune,tunes,,,
tunnel,tunnels,,,
tunnel,tunnels,,,
turn,turns,,,
turnin,turning,,,
turnin,turning,,,
turn,turns,,,
tuxedo,tuxedos,,,
tweakin,tweaking,,,
tweakin,tweaking,,,
twerkin,twerking,,,
twerkin,twerking,,,
twinkie,twinkies,,,
twin,twins,,,
twirl,twirls,,,
twistin,twisting,,,
twistin,twisting,,,
twitchin,twitching,,,
two,twos,,,
two,twos,,,
tymer,tymers,,,
tymer,tymers,,,
ugg,uggs,,,
uhuh,uh_uh,,,
umbrella,umbrellas,,,
uncle,uncles,,,
uncle,uncles,,,
uncover,uncovered,,,
understandin,understanding,,,
undressin,undressing,,,
undressin,undressing,,,
unfold,unfolds,,,
unleash,unleashed,,,
unload,unloaded,,,
urn,urns,,,
urn,urns,,,
usin,using,,,
usin,using,,,
utter,uttered,,,
v12,v_12,,,
v12,v_12,,,
vacation,vacations,,,
vacation,vacations,,,
vaccine,vaccines,,,
vagina,vaginas,,,
valentine,valentines,,,
valentine,valentines,,,
valley,valleys,,,
vamo,vamos,,,
vampire,vampires,,,
vampire,vampires,,,
van,vans,,,
vapor,vapors,,,
vehicle,vehicles,,,
vein,veins,,,
vein,veins,,,
verse,verses,,,
verse,verses,,,
vest,vests,,,
vial,vials,,,
vibe,vibes,,,
vibe,vibes,,,
vicky,vickys,,,
vicky,vickys,,,
victim,victims,,,
victoria,victorias,,,
victoria,victorias,,,
video,videos,,,
view,views,,,
vine,vines,,,
violin,violins,,,
vision,visions,,,
vision,visions,,,
visual,visuals,,,
vixen,vixens,,,
vixen,vixens,,,
vocal,vocals,,,
vocal,vocals,,,
voc,vocs,,,
voice,voices,,,
voicemail,voice_mail,,,
voicemail,voice_mail,,,
voicemail,voicemails,,,
voice,voices,,,
vuitton,vuittons,,,
vuitton,vuittons,,,
vvs,vvss,,,
vvs,vvss,,,
waitin,waiting,,,
waitin,waiting,,,
walmart,wal_mart,,,
walk,walks,,,
walkin,walking,,,
walkin,walking,,,
wall,walls,,,
wall,walls,,,
walmart,wal_mart,,,
wannabe,wannabes,,,
wannabe,wannabes,,,
want,wants,,,
wantin,wanting,,,
wantin,wanting,,,
want,wants,,,
war,wars,,,
warmin,warming,,,
warmin,warming,,,
warrant,warrants,,,
warrant,warrants,,,
war,wars,,,
washin,washing,,,
washin,washing,,,
wastin,wasting,,,
wastin,wasting,,,
wat,wats,,,
watchin,watching,,,
watchin,watching,,,
water,waters,,,
water_whippin,water_whipping,,,
water_whippin,water_whipping,,,
water,waters,,,
wat,wats,,,
wavin,waving,,,
wavin,waving,,,
way,ways,,,
way,ways,,,
weapon,weapons,,,
weapon,weapons,,,
wear,wears,,,
wearin,wearing,,,
wearin,wearing,,,
weather,weathers,,,
weather,weathers,,,
weavin,weaving,,,
weavin,weaving,,,
weddin,wedding,,,
week,weeks,,,
weekday,weekdays,,,
weekend,weekends,,,
weekend,weekends,,,
week,weeks,,,
weigh,weighed,,,
weighin,weighing,,,
weight,weights,,,
weight,weights,,,
wesson,wessons,,,
wesson,wessons,,,
westcoast,west_coast,,,
westside,west_side,,,
westcoast,west_coast,,,
westside,west_side,,,
what,whats,,,
what,whats,,,
whats_happenin,whats_happening,,,
whats_happenin,whats_happening,,,
wheel,wheels,,,
wheeler,wheelers,,,
wheeler,wheelers,,,
wheelin,wheeling,,,
wheelin,wheeling,,,
wheel,wheels,,,
wheezin,wheezing,,,
whinin,whining,,,
whippin,whipping,,,
whippin,whipping,,,
whisper,whispers,,,
whisper,whispered,,,
whisperin,whispering,,,
whisperin,whispering,,,
whisper,whispers,,,
whistlin,whistling,,,
white,whites,,,
white_tee,white_tees,,,
who,whos,,,
whoop,whooped,,,
whoopin,whooping,,,
who,whos,,,
wifin,wifing,,,
wig,wigs,,,
wig,wigs,,,
wildin,wilding,,,
wildin,wilding,,,
wilin,wiling,,,
william,williams,,,
william,williams,,,
willin,willing,,,
willin,willing,,,
wind,winds,,,
windin,winding,,,
windin,winding,,,
window,windows,,,
window,windows,,,
wine,wines,,,
wing,wings,,,
winkin,winking,,,
winkin,winking,,,
winnin,winning,,,
winnin,winning,,,
winter,winters,,,
winter,winters,,,
wipin,wiping,,,
wipin,wiping,,,
wire,wires,,,
wishin,wishing,,,
wishin,wishing,,,
witcha,wit_cha,,,
witnessin,witnessing,,,
woman,womans,,,
women,womens,,,
wonder,wondered,,,
wonderin,wondering,,,
wonderin,wondering,,,
woodgrain,wood_grain,,,
woodgrain,wood_grain,,,
woofer,woofers,,,
word,words,,,
work,works,,,
workin,working,,,
workin,working,,,
world,worlds,,,
worldwide,world_wide,,,
world,worlds,,,
worldwide,world_wide,,,
wound,wounds,,,
wound,wounds,,,
wow,wows,,,
wrapper,wrappers,,,
wrappin,wrapping,,,
wrappin,wrapping,,,
wreckin,wrecking,,,
wreckin,wrecking,,,
wrist,wrists,,,
wrist,wrists,,,
write,writes,,,
writin,writing,,,
writin,writing,,,
wrong,wrongs,,,
xan,xans,,,
yacht,yachts,,,
yankee,yankees,,,
yankee,yankees,,,
yappin,yapping,,,
yappin,yapping,,,
yard,yards,,,
yard,yards,,,
yawnin,yawning,,,
yawnin,yawning,,,
year,years,,,
year_old,year_olds,,,
year_old,year_olds,,,
year,years,,,
yellin,yelling,,,
yellin,yelling,,,
yessir,yes_sir,,,
your,yours,,,
your,yours,,,
zip,zips,,,
zonin,zoning,,,
zonin,zoning,,,
